{
	"id": "fd98cb82-b89d-4969-b04e-49f1d0a45e3a",
	"name": "F5 Postman for F5OS, BIG-IP, and BIG-IP Next Environment",
	"values": [
		{
			"key": "velos_chassis1_system_controller_ip",
			"value": "10.0.0.147",
			"enabled": true
		},
		{
			"key": "velos_chassis2_system_controller_ip",
			"value": "10.0.0.214",
			"enabled": true
		},
		{
			"key": "velos_chassis1_chassis_partition1_ip",
			"value": "10.0.0.148",
			"enabled": true
		},
		{
			"key": "velos_chassis2_chassis_partition1_ip",
			"value": "10.0.0.211",
			"enabled": true
		},
		{
			"key": "velos_chassis1_chassis_partition2_ip",
			"value": "10.0.0.141",
			"enabled": true
		},
		{
			"key": "velos_chassis2_chassis_partition2_ip",
			"value": "10.0.0.210",
			"enabled": true
		},
		{
			"key": "velos_system_controller_username",
			"value": "admin",
			"enabled": true
		},
		{
			"key": "velos_system_controller_password",
			"value": "Pa$$word123!",
			"enabled": true
		},
		{
			"key": "velos_chassis_partition_username",
			"value": "admin",
			"enabled": true
		},
		{
			"key": "velos_chassis_partition_password",
			"value": "Pa$$word123!",
			"enabled": true
		},
		{
			"key": "velos_controller_iso_image_artifactory",
			"value": "artifactory/F5OS-C-1.4.0-4112.CONTROLLER.iso",
			"enabled": true
		},
		{
			"key": "velos_controller_iso_image_full",
			"value": "F5OS-C-1.4.0-3915.CONTROLLER.CANDIDATE.iso",
			"type": "default",
			"enabled": true
		},
		{
			"key": "velos_controller_iso_image",
			"value": "1.4.0-4112",
			"type": "default",
			"enabled": true
		},
		{
			"key": "velos_partition_iso_image_artifactory",
			"value": "artifactory/F5OS-C-1.4.0-4112.PARTITION.iso",
			"type": "default",
			"enabled": true
		},
		{
			"key": "velos_partition_iso_image",
			"value": "1.4.0-4112",
			"enabled": true
		},
		{
			"key": "velos_partition_iso_image_full",
			"value": "F5OS-C-1.4.0-4112.PARTITION.CANDIDATE.iso",
			"enabled": true
		},
		{
			"key": "velos_chassis_partition1_name",
			"value": "Production",
			"type": "default",
			"enabled": true
		},
		{
			"key": "velos_chassis_partition2_name",
			"value": "Development",
			"type": "default",
			"enabled": true
		},
		{
			"key": "velos_chassis_partition1_slots",
			"value": "1-2",
			"type": "default",
			"enabled": true
		},
		{
			"key": "velos_chassis_partition2_slots",
			"value": "3",
			"type": "default",
			"enabled": true
		},
		{
			"key": "velos_bigip_tenant1_name",
			"value": "tenant1",
			"enabled": true
		},
		{
			"key": "velos_bigip_tenant2_name",
			"value": "tenant2",
			"enabled": true
		},
		{
			"key": "velos_bigip_tenant3_name",
			"value": "tenant3",
			"enabled": true
		},
		{
			"key": "velos_bigip_tenant_image",
			"value": "BIGIP-15.1.5-0.0.10.ALL-F5OS.qcow2.zip.bundle",
			"enabled": true
		},
		{
			"key": "velos_bigip_tenant_image_artifactory_full",
			"value": "v15.1.5/VM/BIGIP-15.1.5-0.0.10.ALL-F5OS.qcow2.zip.bundle",
			"type": "default",
			"enabled": true
		},
		{
			"key": "x-auth-token",
			"value": "",
			"type": "default",
			"enabled": true
		},
		{
			"key": "x-auth-token_velos_chassis1_system_controller",
			"value": "",
			"enabled": true
		},
		{
			"key": "x-auth-token_velos_chassis2_system_controller",
			"value": "",
			"enabled": true
		},
		{
			"key": "x-auth-token_velos_chassis1_production_partition",
			"value": "",
			"enabled": true
		},
		{
			"key": "x-auth-token_velos_chassis2_production_partition",
			"value": "",
			"enabled": true
		},
		{
			"key": "x-auth-token_velos_chassis1_development_partition",
			"value": "",
			"enabled": true
		},
		{
			"key": "x-auth-token_velos_chassis2_development_partition",
			"value": "",
			"enabled": true
		},
		{
			"key": "velos_chassis1_bigip_tenant1_ip",
			"value": "10.0.0.149",
			"enabled": true
		},
		{
			"key": "velos_chassis1_bigip_tenant2_ip",
			"value": "10.0.0.205",
			"enabled": true
		},
		{
			"key": "velos_chassis1_bigip_tenant3_ip",
			"value": "10.0.0.206",
			"enabled": true
		},
		{
			"key": "velos_chassis2_bigip_tenant1_ip",
			"value": "10.0.0.207",
			"enabled": true
		},
		{
			"key": "velos_chassis2_bjgip_tenant2_ip",
			"value": "10.0.0.208",
			"enabled": true
		},
		{
			"key": "velos_chassis2_bigip_tenant3_ip",
			"value": "10.0.0.209",
			"enabled": true
		},
		{
			"key": "outofband_dfgw_ip",
			"value": "10.0.0.1",
			"enabled": true
		},
		{
			"key": "velos_bigip_tenant_username",
			"value": "admin",
			"enabled": true
		},
		{
			"key": "velos_bigip_tenant_password",
			"value": "Pa$$word123!",
			"enabled": true
		},
		{
			"key": "bigiq_mgmt_ip",
			"value": "10.0.0.185",
			"enabled": true
		},
		{
			"key": "big_iq_username",
			"value": "admin",
			"type": "default",
			"enabled": true
		},
		{
			"key": "big_iq_password",
			"value": "Pa$$word123!",
			"type": "default",
			"enabled": true
		},
		{
			"key": "currentdate",
			"value": "",
			"enabled": true
		},
		{
			"key": "velos_license_registration_key_chassis1",
			"value": "XXXXX-XXXXX-XXXXX-XXXXX-XXXXXXX",
			"enabled": true
		},
		{
			"key": "velos_license_registration_key_chassis2",
			"value": "XXXXX-XXXXX-XXXXX-XXXXX-XXXXXXX",
			"enabled": true
		},
	],
	"_postman_variable_scope": "environment",
	"_postman_exported_at": "2022-10-12T21:50:36.966Z",
	"_postman_exported_using": "Postman/9.31.2"
}